Year,Month,Day,DayOfWeek,YearOfEra,DayOfYear,Open,High,Low,Close,AdjustedClose,Volume
2020,12,1,Tuesday,2020,336,118.4512,120.2964,117.6673,117.7438,108.0799,5553319
2020,12,2,Wednesday,2020,337,117.4474,119.1587,117.0268,119.1396,109.3611,3860472
2020,12,3,Thursday,2020,338,118.6998,119.369,117.8681,118.174,108.4748,4757417
2020,12,4,Friday,2020,339,118.5182,121.7782,118.2027,121.6061,111.6252,5776849
2020,12,7,Monday,2020,342,120.9273,121.3862,119.0918,119.2161,109.4313,8701151
2020,12,8,Tuesday,2020,343,119.8088,120.7744,119.1587,120.1816,110.3176,5643170
2020,12,9,Wednesday,2020,344,120.2677,122.0746,120.1721,121.2141,111.2654,6813121
2020,12,10,Thursday,2020,345,120.7935,121.348,119.4455,119.4646,109.6595,5024147
2020,12,11,Friday,2020,346,118.6233,119.9904,118.174,118.805,109.054,4687544
2020,12,14,Monday,2020,349,119.8088,120.6883,118.0402,118.0975,108.4046,5282300
2020,12,15,Tuesday,2020,350,118.9197,120.392,118.0115,120.392,110.5107,4556585
2020,12,16,Wednesday,2020,351,120.392,121.0038,119.7801,120.0287,110.1772,4738485
2020,12,17,Thursday,2020,352,120.5354,120.5449,119.4168,120.0287,110.1772,3962248
2020,12,18,Friday,2020,353,120.0669,120.8413,119.4742,120.3155,110.4405,7900229
2020,12,21,Monday,2020,356,118.5182,118.7189,116.3671,117.9637,108.2817,6397022
2020,12,22,Tuesday,2020,357,117.8872,118.7572,117.0268,118.174,108.4748,4535561
2020,12,23,Wednesday,2020,358,118.4321,119.7036,118.2983,118.4512,108.7293,2817819
2020,12,24,Thursday,2020,359,119.5029,119.5985,118.7476,119.2065,109.4225,1842111
2020,12,28,Monday,2020,363,119.5985,121.0325,118.9866,119.3308,109.5366,3781499
2020,12,29,Tuesday,2020,364,119.8375,119.9618,117.8203,118.3556,108.6415,3647402
2020,12,30,Wednesday,2020,365,118.3556,119.3595,118.1931,118.8719,109.1154,3535794
2020,12,31,Thursday,2020,366,118.7572,120.4876,118.5373,120.3442,110.4668,3738822
2021,1,4,Monday,2021,4,120.3155,120.3824,117.6291,118.4895,108.7644,5417443
2021,1,5,Tuesday,2021,5,119.5124,121.109,119.13,120.5927,110.695,6395872
2021,1,6,Wednesday,2021,6,121.3193,126.0803,121.1472,123.6042,113.4593,8322708
2021,1,7,Thursday,2021,7,124.3212,124.7228,122.6195,123.3174,113.196,4714740
2021,1,8,Friday,2021,8,122.9159,123.6329,121.3958,122.8776,112.7924,4891305
2021,1,11,Monday,2021,11,122.3231,123.9771,122.0459,122.9254,112.8362,5859587
2021,1,12,Tuesday,2021,12,123.413,124.1396,122.3136,123.5277,113.3891,3921663
2021,1,13,Wednesday,2021,13,123.4704,124.044,120.8987,121.3384,111.3795,8030874
2021,1,14,Thursday,2021,14,122.3901,124.4359,121.9407,123.2983,113.1785,7848347
2021,1,15,Friday,2021,15,122.6386,123.5564,122.0554,122.7438,112.6695,5131153
2021,1,19,Tuesday,2021,19,123.5946,123.891,122.457,123.3461,113.2224,5646308
2021,1,20,Wednesday,2021,20,123.9962,125.2964,122.9063,124.3595,114.1526,5856240
2021,1,21,Thursday,2021,21,124.3977,126.4245,124.3308,125.8604,115.5303,13116003
2021,1,22,Friday,2021,22,115.392,115.392,112.1989,113.3939,104.087,39814421
2021,1,25,Monday,2021,25,113.5373,114.283,112.2849,113.3652,104.0607,14315974
2021,1,26,Tuesday,2021,26,113.9388,117.1989,113.2122,117.1032,107.4919,11186656
2021,1,27,Wednesday,2021,27,116.7113,119.3021,116.2715,117.0841,107.4744,12705239
2021,1,28,Thursday,2021,28,117.3996,117.782,114.7897,114.7992,105.377,8455969
2021,1,29,Friday,2021,29,114.9331,115.9656,113.6711,113.8719,104.5258,12369473
2021,2,1,Monday,2021,32,114.6272,115.631,113.5086,115.239,105.7807,6538023
2021,2,2,Tuesday,2021,33,114.1109,115.6788,114.0344,114.1874,104.8154,6633627
2021,2,3,Wednesday,2021,34,113.805,114.5315,112.9254,113.8815,104.5346,7024308
2021,2,4,Thursday,2021,35,114.6367,115.7744,113.6424,115.6979,106.2019,4771957
2021,2,5,Friday,2021,36,115.6788,116.4532,115.2199,116.434,106.8776,4775722
2021,2,8,Monday,2021,39,117.2275,118.5277,117.0172,118.174,108.4748,6158848
2021,2,9,Tuesday,2021,40,116.5392,117.2084,115.7266,116.7304,108.5815,4933982
2021,2,10,Wednesday,2021,41,117.6195,117.9828,115.8795,116.8642,108.706,5090673
2021,2,11,Thursday,2021,42,116.6348,116.8356,115.325,115.5927,107.5233,5629154
2021,2,12,Friday,2021,43,115.6788,116.0229,114.8088,115.4876,107.4254,4049275
2021,2,16,Tuesday,2021,47,114.8662,115.2964,114.1109,114.7897,106.7762,6945231
2021,2,17,Wednesday,2021,48,114.0249,115.2581,113.7859,114.6941,106.6873,4141219
2021,2,18,Thursday,2021,49,115.2008,115.6214,114.4359,115.4206,107.3632,5646413
2021,2,19,Friday,2021,50,115.4398,115.4493,113.174,113.7572,105.8158,6881320
2021,2,22,Monday,2021,53,113.2887,115.8031,113.2314,115.5449,107.4788,6149643
2021,2,23,Tuesday,2021,54,115.6023,116.0134,114.5315,115.4015,107.3454,4739740
2021,2,24,Wednesday,2021,55,115.4876,118.0593,115.2199,117.7916,109.5686,6087720
2021,2,25,Thursday,2021,56,117.9446,118.8815,116.9598,117.0841,108.9105,5953623
2021,2,26,Friday,2021,57,116.8738,116.8738,113.652,113.6998,105.7625,9467346
2021,3,1,Monday,2021,60,115.0574,116.9407,114.5889,115.4302,107.3721,5977367
2021,3,2,Tuesday,2021,61,115.4302,116.5392,114.9713,115.0382,107.0075,4732418
2021,3,3,Wednesday,2021,62,115.2008,117.2371,114.7036,116.979,108.8127,7744898
2021,3,4,Thursday,2021,63,116.6348,117.8011,113.5373,114.8279,106.8118,8439651
2021,3,5,Friday,2021,64,115.3346,118.3078,114.9618,117.4283,109.2307,7268968
2021,3,8,Monday,2021,67,117.5813,121.2715,117.4761,119.3212,110.9915,7572203
2021,3,9,Tuesday,2021,68,119.8853,120.87,118.6998,118.7189,110.4312,5867014
2021,3,10,Wednesday,2021,69,119.5507,122.6004,119.13,122.2467,113.7127,7581199
2021,3,11,Thursday,2021,70,122.457,122.9828,121.2046,121.5488,113.0635,5383657
2021,3,12,Friday,2021,71,121.5966,122.065,121.0421,121.9981,113.4815,4194565
2021,3,15,Monday,2021,74,122.1511,123.088,121.9312,122.9254,114.3441,3577948
2021,3,16,Tuesday,2021,75,122.6386,122.8681,121.74,122.6004,114.0417,4867247
2021,3,17,Wednesday,2021,76,122.8107,123.7954,121.8834,123.3556,114.7442,4488804
2021,3,18,Thursday,2021,77,123.2696,125.239,122.1702,124.3403,115.6602,6104142
2021,3,19,Friday,2021,78,124.3021,124.7036,122.8776,123.2314,114.6286,10297870
2021,3,22,Monday,2021,81,122.8489,124.9713,122.2658,124.8088,116.0959,4356485
2021,3,23,Tuesday,2021,82,124.7036,125.7744,124.0918,124.7228,116.0159,4556794
2021,3,24,Wednesday,2021,83,125.1912,126.3002,124.8279,124.8757,116.1582,4189230
2021,3,25,Thursday,2021,84,124.5985,127.3805,124.0631,127.218,118.3369,5809484
2021,3,26,Friday,2021,85,127.4283,130.478,127.2658,130.3824,121.2805,5823710
2021,3,29,Monday,2021,88,130,131.0421,129.5507,129.8853,120.818,4835344
2021,3,30,Tuesday,2021,89,129.8853,130.2773,128.1262,128.7954,119.8043,5010758
2021,3,31,Wednesday,2021,90,128.6233,128.7859,126.8738,127.3996,118.5059,5172575
2021,4,1,Thursday,2021,91,127.8776,128.0401,126.4532,127.3709,118.4792,4261404
2021,4,5,Monday,2021,95,127.7629,130.6788,127.5335,129.9522,120.8803,5722980
2021,4,6,Tuesday,2021,96,129.6176,129.675,128.1931,128.3174,119.3596,3787566
2021,4,7,Wednesday,2021,97,127.9541,129.0057,127.8968,128.9962,119.991,3112896
2021,4,8,Thursday,2021,98,128.652,129.6654,128.26,129.1778,120.16,4275211
2021,4,9,Friday,2021,99,128.9388,129.7706,128.7859,129.761,120.7024,3162999
2021,4,12,Monday,2021,102,129.0822,129.4168,127.9637,128.6711,119.6887,3926684
2021,4,13,Tuesday,2021,103,127.1511,127.7438,124.6463,125.4111,116.6562,8403041
2021,4,14,Wednesday,2021,104,125.5354,126.9407,124.7801,126.7973,117.9457,6137928
2021,4,15,Thursday,2021,105,127.4187,127.9828,126.4054,126.7495,117.9012,4062664
2021,4,16,Friday,2021,106,127.1511,128.2027,127.1032,127.7151,118.7994,5535223
2021,4,19,Monday,2021,109,127.7247,127.935,126.7495,127.2658,118.3814,8575736
2021,4,20,Tuesday,2021,110,131.0421,133.6233,130.6883,132.0841,122.8634,16192708
2021,4,21,Wednesday,2021,111,131.9885,137.4092,131.6539,137.2371,127.6566,12456814
2021,4,22,Thursday,2021,112,137.3805,138.3748,134.7992,135.0669,125.638,7428064
2021,4,23,Friday,2021,113,135.0956,137.2944,134.7514,136.1664,126.6606,4765576
2021,4,26,Monday,2021,116,136.1568,137.3136,135.2581,135.3442,125.8959,4927497
2021,4,27,Tuesday,2021,117,135.4589,136.2906,134.5602,135.7648,126.2871,4062664
2021,4,28,Wednesday,2021,118,136.6348,137.0937,135.8509,136.7113,127.1675,3941433
2021,4,29,Thursday,2021,119,137.7916,142.1989,136.6922,137.8967,128.2702,4554179
2021,4,30,Friday,2021,120,137.3805,137.5048,134.369,135.6405,126.1715,9280321
2021,5,3,Monday,2021,123,137.4857,139.3403,137.2371,138.3843,128.7238,5997241
2021,5,4,Tuesday,2021,124,138.0593,140.1434,137.9828,139.3403,129.6131,6642623
2021,5,5,Wednesday,2021,125,139.522,139.522,138.5946,138.8336,129.1417,5229895
2021,5,6,Thursday,2021,126,138.8719,141.979,138.7954,141.8929,131.9874,7848661
2021,5,7,Friday,2021,127,139.5029,139.7132,138.2122,139.0631,130.8005,7325661
2021,5,10,Monday,2021,130,139.3881,141.8547,139.3881,139.7419,131.4389,7304636
2021,5,11,Tuesday,2021,131,138.6138,138.805,136.6157,137.8776,129.6855,7454214
2021,5,12,Wednesday,2021,132,137.5143,137.8107,134.9331,135.086,127.0597,6233742
2021,5,13,Thursday,2021,133,135.2294,138.5277,135.0669,137.8298,129.6405,4807207
2021,5,14,Friday,2021,134,138.7285,139.283,137.6291,138.3174,130.0991,2873780
2021,5,17,Monday,2021,137,138.088,139.3881,137.9828,138.7285,130.4857,4471755
2021,5,18,Tuesday,2021,138,138.413,138.9101,136.9312,137.5813,129.4067,4000009
2021,5,19,Wednesday,2021,139,136.0612,136.9025,134.7227,136.8929,128.7592,4498532
2021,5,20,Thursday,2021,140,136.826,138.5373,135.9082,137.5526,129.3797,4301675
2021,5,21,Friday,2021,141,137.935,139.2925,137.935,138.3748,130.153,4219041
2021,5,24,Monday,2021,144,138.6807,138.9962,137.8394,138.3556,130.135,3449290
2021,5,25,Tuesday,2021,145,138.5468,138.6233,136.9025,137.4665,129.2988,4118311
2021,5,26,Wednesday,2021,146,137.1893,137.6577,136.7495,137.0746,128.9301,3225655
2021,5,27,Thursday,2021,147,137.4952,138.4034,137.3136,137.4952,129.3258,5889294
2021,5,28,Friday,2021,148,137.8681,137.9828,137.1797,137.4187,129.2538,2651192
2021,6,1,Tuesday,2021,152,138.6233,139.4168,137.4283,137.849,129.6585,2528705
2021,6,2,Wednesday,2021,153,138.26,139.3403,137.7725,139.3117,131.0343,2915097
2021,6,3,Thursday,2021,154,138.5373,139.4646,137.7056,139.1491,130.8814,4320608
2021,6,4,Friday,2021,155,139.5793,141.0612,139.3499,140.9369,132.5629,3261323
2021,6,7,Monday,2021,158,141.0612,142.1989,140.6979,141.5105,133.1025,3621984
2021,6,8,Tuesday,2021,159,141.6061,143.5946,141.6061,142.5143,134.0467,5313785
2021,6,9,Wednesday,2021,160,142.4761,144.4264,142.2753,144.044,135.4854,5547252
2021,6,10,Thursday,2021,161,144.8088,146.1185,143.174,143.9197,135.3685,4977391
2021,6,11,Friday,2021,162,143.8145,145.1721,143.7572,144.6272,136.0339,3596462
2021,6,14,Monday,2021,165,144.0822,144.3881,142.1224,143.4321,134.9099,3498661
2021,6,15,Tuesday,2021,166,143.26,143.3174,142.065,142.7916,134.3074,2628912
2021,6,16,Wednesday,2021,167,143.174,143.174,140.7457,141.3289,132.9316,4057329
2021,6,17,Thursday,2021,168,141.0612,141.5488,138.891,139.1969,130.9264,4568300
2021,6,18,Friday,2021,169,138.1262,138.3174,136.7495,136.826,128.6963,9577699
2021,6,21,Monday,2021,172,137.7725,140.6023,137.7247,140.2008,131.8705,4482633
2021,6,22,Tuesday,2021,173,140.0765,140.3537,138.9579,139.9235,131.6098,2549102
2021,6,23,Wednesday,2021,174,139.9904,140.0574,138.2122,138.2505,130.0361,3349920
2021,6,24,Thursday,2021,175,139.3881,139.761,138.327,139.044,130.7825,3775746
2021,6,25,Friday,2021,176,138.9866,140.4684,138.5755,140.3824,132.0414,3759533
2021,6,28,Monday,2021,179,140.5449,140.8222,138.5373,138.9006,130.6476,4067789
2021,6,29,Tuesday,2021,180,138.8719,140.2868,138.7189,139.1491,130.8814,2540211
2021,6,30,Wednesday,2021,181,138.7476,140.4684,138.3461,140.1434,131.8166,3394375
2021,7,1,Thursday,2021,182,140.4971,141.0134,140.1243,140.3824,132.0414,2809661
2021,7,2,Friday,2021,183,140.4493,140.4876,133.327,133.8623,125.9087,17584515
2021,7,6,Tuesday,2021,187,133.8336,134.2447,131.0707,132.6769,124.7937,8466010
2021,7,7,Wednesday,2021,188,132.6577,134.1587,132.6577,133.6711,125.7289,4246446
2021,7,8,Thursday,2021,189,131.7208,135.0956,131.6061,134.5507,126.5562,5739820
2021,7,9,Friday,2021,190,135.2294,135.7361,134.6463,135.2964,127.2575,4083689
2021,7,12,Monday,2021,193,135.2103,135.717,133.9579,134.7227,126.718,3496360
2021,7,13,Tuesday,2021,194,134.7227,134.7227,133.4895,134.1109,126.1425,3309858
2021,7,14,Wednesday,2021,195,134.5316,134.5602,132.8203,133.6711,125.7289,4606061
2021,7,15,Thursday,2021,196,133.1931,134.283,132.696,134.2734,126.2954,3807126
2021,7,16,Friday,2021,197,134.7992,134.7992,132.4952,132.7916,124.9016,4298328
2021,7,19,Monday,2021,200,130.4493,132.3996,130.2199,131.8547,124.0204,8977086
2021,7,20,Tuesday,2021,201,136.7113,138.5468,132.6004,133.8145,125.8638,14237838
2021,7,21,Wednesday,2021,202,133.8145,135.1721,133.5086,135.086,127.0597,5024984
2021,7,22,Thursday,2021,203,135.4302,135.5736,134.2352,134.522,126.5292,3466653
2021,7,23,Friday,2021,204,134.761,135.4684,134.1587,135.1243,127.0957,4680013
2021,7,26,Monday,2021,207,135.1721,136.7113,134.9235,136.4914,128.3816,4441630
2021,7,27,Tuesday,2021,208,136.2619,137.3231,135.3728,136.4723,128.3636,3281302
2021,7,28,Wednesday,2021,209,136.7208,136.8069,135.4111,135.5354,127.4823,2660815
2021,7,29,Thursday,2021,210,136.0707,136.673,135.3728,135.6883,127.6262,2793761
2021,7,30,Friday,2021,211,135.2964,135.6119,134.5985,134.761,126.754,3698238
2021,8,2,Monday,2021,214,135.2294,136.7686,134.8279,135.2008,127.1676,3064257
2021,8,3,Tuesday,2021,215,135.6597,138.3365,135.4207,137.7342,129.5506,4272596
2021,8,4,Wednesday,2021,216,137.4761,137.8394,136.2046,136.4818,128.3726,2960285
2021,8,5,Thursday,2021,217,136.74,137.1033,135.9656,136.4914,128.3816,2884240
2021,8,6,Friday,2021,218,136.7113,138.0401,136.6061,137.7533,129.5685,4002833
2021,8,9,Monday,2021,221,135.9465,136.2333,134.7706,135.0382,128.4771,5129689
2021,8,10,Tuesday,2021,222,135,135.5736,134.1683,135.1625,128.5953,5543695
2021,8,11,Wednesday,2021,223,135.5449,136.4914,135.2773,135.8795,129.2775,4455960
2021,8,12,Thursday,2021,224,136.0038,136.8547,135.8317,136.7782,130.1325,2184780
2021,8,13,Friday,2021,225,136.3671,137.2658,136.1759,136.8834,130.2325,1997965
2021,8,16,Monday,2021,228,136.9312,137.4187,135.9751,137.2753,130.6054,2913319
2021,8,17,Tuesday,2021,229,136.7113,136.8642,134.8853,136.1568,129.5413,3215195
2021,8,18,Wednesday,2021,230,135.4398,135.6788,133.26,133.3365,126.858,3672192
2021,8,19,Thursday,2021,231,132.5908,133.3174,131.1759,131.9503,125.5391,4351465
2021,8,20,Friday,2021,232,131.6826,133.2505,131.2333,132.9924,126.5306,2780059
2021,8,23,Monday,2021,235,133.4799,133.9866,132.696,133.4799,126.9945,3179422
2021,8,24,Tuesday,2021,236,133.6329,134.0631,133.1931,133.6902,127.1946,2474418
2021,8,25,Wednesday,2021,237,133.7667,134.608,133.327,133.7094,127.2128,2105389
2021,8,26,Thursday,2021,238,133.8145,134.608,132.6099,132.6769,126.2304,2613640
2021,8,27,Friday,2021,239,132.6099,133.4512,132.3136,133.2792,126.8034,2572637
2021,8,30,Monday,2021,242,133.3652,133.7285,132.7151,132.8585,126.4032,2087293
2021,8,31,Tuesday,2021,243,133.4034,134.7419,132.8394,134.1683,127.6494,4429915
2021,9,1,Wednesday,2021,244,133.8241,133.9101,133.0688,133.174,126.7034,2588327
2021,9,2,Thursday,2021,245,133.5755,133.891,132.9159,133.8528,127.3492,2840413
2021,9,3,Friday,2021,246,133.5373,134.2925,133.174,133.4417,126.9581,2009575
2021,9,7,Tuesday,2021,250,133.5086,133.6424,131.7017,131.9885,125.5755,3436110
2021,9,8,Wednesday,2021,251,132.065,132.9732,131.5488,132.5717,126.1304,3122728
2021,9,9,Thursday,2021,252,131.7878,132.849,131.5105,131.6826,125.2845,3669682
2021,9,10,Friday,2021,253,132.7151,133.2409,130.9751,130.9943,124.6296,4157955
2021,9,13,Monday,2021,256,132.3136,132.8776,131.4627,132.0746,125.6574,4334729
2021,9,14,Tuesday,2021,257,132.3136,132.4761,129.3881,130.2294,123.9019,4659198
2021,9,15,Wednesday,2021,258,130.2294,131.74,129.7036,131.1664,124.7933,3403579
2021,9,16,Thursday,2021,259,131.2428,131.8834,129.7419,130.4302,124.0929,2765624
2021,9,17,Friday,2021,260,129.7801,129.9426,129.1109,129.283,123.0014,5890340
2021,9,20,Monday,2021,263,128.0115,129.2352,126.9407,128.4034,122.1646,4990152
2021,9,21,Tuesday,2021,264,129.1683,129.6845,127.0937,127.1224,120.9458,4261927
2021,9,22,Wednesday,2021,265,127.8394,129.4168,127.6004,128.7094,122.4557,3767901
2021,9,23,Thursday,2021,266,129.3021,131.3767,129.0918,130.717,124.3658,3151807
2021,9,24,Friday,2021,267,131.0038,132.3901,130.7361,131.4436,125.0571,3100762
2021,9,27,Monday,2021,270,131.8929,132.9541,131.434,132.4665,126.0303,3459017
2021,9,28,Tuesday,2021,271,133.0497,133.5468,131.1759,131.4245,125.0389,4513072
2021,9,29,Wednesday,2021,272,131.673,133.7763,130.4398,133.0593,126.5942,3947499
2021,9,30,Thursday,2021,273,133.8432,134.3881,132.4092,132.8203,126.3669,6090230
2021,10,1,Friday,2021,274,134.7992,137.6386,134.1969,137.0172,130.3599,6907889
2021,10,4,Monday,2021,277,136.4627,139.5793,136.0899,137.7725,131.0784,7689251
2021,10,5,Tuesday,2021,278,138.3843,138.6233,136.3671,136.8547,130.2053,7297524
2021,10,6,Wednesday,2021,279,136.2141,137.065,134.6941,136.0994,129.4867,5573506
2021,10,7,Thursday,2021,280,136.4532,137.0937,135.3059,135.5736,128.9864,3999695
2021,10,8,Friday,2021,281,135.5736,137.3327,134.847,136.9216,130.2689,3902940
2021,10,11,Monday,2021,284,137.1893,137.7438,136.1377,136.1664,129.5503,2921792
2021,10,12,Tuesday,2021,285,135.956,136.0421,134.13,134.2925,127.7676,3293436
2021,10,13,Wednesday,2021,286,134.3403,135.1912,133.5182,134.5698,128.0314,3013003
2021,10,14,Thursday,2021,287,134.8375,137.5908,134.8088,137.0841,130.4235,4410668
2021,10,15,Friday,2021,288,137.0841,138.4799,136.5105,138.2505,131.5332,3371049
2021,10,18,Monday,2021,291,137.6673,138.566,135.5258,136.0612,129.4503,6437189
2021,10,19,Tuesday,2021,292,134.8757,136.6539,134.3403,135.7361,129.1411,4539117
2021,10,20,Wednesday,2021,293,135.4493,135.9465,134.5124,135.6597,129.0683,6474008
2021,10,21,Thursday,2021,294,127.6386,127.8394,122.4665,122.6864,116.7254,32913959
2021,10,22,Friday,2021,295,122.4187,124.522,121.0421,122.2562,116.3161,12114981
2021,10,25,Monday,2021,298,121.9216,122.9924,121.3576,122.0268,116.0978,6667204
2021,10,26,Tuesday,2021,299,121.912,122.6577,121.1855,121.5392,115.6339,8912861
2021,10,27,Wednesday,2021,300,121.8356,122.2562,119.5124,119.6654,113.8511,7294176
2021,10,28,Thursday,2021,301,119.6654,120.7553,119.1396,120.3059,114.4605,6802138
2021,10,29,Friday,2021,302,119.914,120.7648,119.4168,119.5985,113.7875,6188973
2021,11,1,Monday,2021,305,119.5507,120.7553,118.3939,120.7266,114.8608,6177153
2021,11,2,Tuesday,2021,306,120.7457,121.5774,119.4168,120.631,114.7698,4722062
2021,11,3,Wednesday,2021,307,120.6788,121.6922,120.153,121.5392,115.6339,5670784
2021,11,4,Thursday,2021,308,123.05,123.34,119.9,120.85,114.9782,7208700
2021,11,5,Friday,2021,309,121.43,123.77,121.43,123.61,117.6041,6790500
2021,11,8,Monday,2021,312,123.99,124.78,123.53,124.54,118.4889,5625300
2021,11,9,Tuesday,2021,313,122.56,122.9,120.26,120.85,116.5125,7236600
2021,11,10,Wednesday,2021,314,121,122.43,119.93,120.22,115.9051,6270300
2021,11,11,Thursday,2021,315,120.9,121.79,120.08,120.27,115.9533,4643300
2021,11,12,Friday,2021,316,120,120.64,118.78,118.96,114.6903,5418300
2021,11,15,Monday,2021,319,119.54,120.16,118.31,118.87,114.6036,5046300
2021,11,16,Tuesday,2021,320,118.92,119.9,118.42,118.46,114.2083,4750800
2021,11,17,Wednesday,2021,321,118.38,119.33,117.78,118.06,113.8226,4043300
2021,11,18,Thursday,2021,322,118.36,118.36,116.31,116.66,112.4729,5046900
2021,11,19,Friday,2021,323,116.49,116.56,115.27,116.05,111.8848,5380200
2021,11,22,Monday,2021,326,116,118.81,115.19,116.47,112.2897,6416200
2021,11,23,Tuesday,2021,327,116.79,117.94,116.04,116.79,112.5982,4912800
2021,11,24,Wednesday,2021,328,116.16,117.27,116.08,116.73,112.5404,3220800
2021,11,26,Friday,2021,330,115,116.34,114.56,115.81,111.6534,3322000
2021,11,29,Monday,2021,333,118.62,119.61,117.53,118.5,114.2468,8949800
2021,11,30,Tuesday,2021,334,117.5,119.24,116.45,117.1,112.8971,9252700
2021,12,1,Wednesday,2021,335,118.25,118.93,116.85,116.92,112.7235,5958300
2021,12,2,Thursday,2021,336,117.37,117.98,116.56,116.9,112.7043,5267100
2021,12,3,Friday,2021,337,117.36,119.36,117.36,118.84,114.5746,6630100
2021,12,6,Monday,2021,340,119.4,121.15,119.4,119.91,115.6062,4785600
2021,12,7,Tuesday,2021,341,120.48,122.08,120.07,121.58,117.2163,5194000
2021,12,8,Wednesday,2021,342,122,123.38,121.52,123.02,118.6046,5483900
2021,12,9,Thursday,2021,343,122.15,123.95,121.79,123.57,119.1348,4601100
2021,12,10,Friday,2021,344,124.3,125.33,123.36,124.09,119.6362,4966900
2021,12,13,Monday,2021,347,123.76,124.36,120.79,122.58,118.1804,6847500
2021,12,14,Tuesday,2021,348,122.35,125.03,122.3,123.76,119.318,5716100
2021,12,15,Wednesday,2021,349,123.8,124.82,122.18,123.11,118.6914,4990000
2021,12,16,Thursday,2021,350,123.51,126.64,123.48,125.93,121.4101,7280500
2021,12,17,Friday,2021,351,125.87,128.64,125.21,127.4,122.8274,10379000
2021,12,20,Monday,2021,354,125.72,127.2,124.7,127.06,122.4996,4941400
2021,12,21,Tuesday,2021,355,127.66,129.34,127.66,128.97,124.341,4856000
2021,12,22,Wednesday,2021,356,129.06,129.79,127.6,129.75,125.093,3923200
2021,12,23,Thursday,2021,357,130,130.96,129.52,130.63,125.9415,3649000
2021,12,27,Monday,2021,361,130.63,131.65,129.95,131.62,126.8959,4293900
2021,12,28,Tuesday,2021,362,131.6,133.22,131.59,132.63,127.8697,3445200
2021,12,29,Wednesday,2021,363,132.4,134.21,132.3,133.35,128.5638,4239900
2021,12,30,Thursday,2021,364,133.75,134.37,133.33,133.91,129.1037,3158100
2021,12,31,Friday,2021,365,134,134.99,133.61,133.66,128.8627,3362100
2022,1,3,Monday,2022,3,134.07,136.29,133.63,136.04,131.1573,4605900
2022,1,4,Tuesday,2022,4,136.1,139.95,135.9,138.02,133.0662,7300000
2022,1,5,Wednesday,2022,5,138.31,142.2,137.88,138.22,133.259,8956900
2022,1,6,Thursday,2022,6,138.2,138.41,132.51,135.34,130.4824,9908100
2022,1,7,Friday,2022,7,134.9,135.66,133.51,134.83,129.9907,5238100
2022,1,10,Monday,2022,10,134.47,136.2,133.38,135.03,130.1835,5432800
2022,1,11,Tuesday,2022,11,130.52,133.25,127.97,132.87,128.1011,11105300
2022,1,12,Wednesday,2022,12,133.25,134.47,131.37,133.59,128.7952,5352000
2022,1,13,Thursday,2022,13,133.9,136.05,133.56,134.76,129.9232,4868300
2022,1,14,Friday,2022,14,134.55,135.14,133.3,134.21,129.393,5310300
2022,1,18,Tuesday,2022,18,132.95,133.89,131.78,132.94,128.1685,5246700
2022,1,19,Wednesday,2022,19,132.9,133.9,131.5,131.58,126.8574,4103700
2022,1,20,Thursday,2022,20,131.26,132.88,130.57,130.82,126.1246,5278200
2022,1,21,Friday,2022,21,131.65,131.87,129.27,129.35,124.7074,5907000
2022,1,24,Monday,2022,24,127.99,129.15,124.19,128.82,124.1964,13484000
2022,1,25,Tuesday,2022,25,129.14,137.34,128.3,136.1,131.2151,19715700
2022,1,26,Wednesday,2022,26,136.47,137.07,133.13,134.26,129.4412,8336000
2022,1,27,Thursday,2022,27,133.66,134.75,132.08,132.52,127.7636,5497300
2022,1,28,Friday,2022,28,133.19,134.53,131.79,134.5,129.6726,5471500
2022,1,31,Monday,2022,31,134.09,134.09,132.3,133.57,128.7759,5859000
2022,2,1,Tuesday,2022,32,133.76,135.96,132.5,135.53,130.6656,6206400
2022,2,2,Wednesday,2022,33,135.7,137.56,135.26,137.25,132.3238,5357200
2022,2,3,Thursday,2022,34,137,138.76,135.83,137.78,132.8348,6100800
2022,2,4,Friday,2022,35,137.86,138.82,136.22,137.15,132.2274,4142000
2022,2,7,Monday,2022,38,137.45,137.82,136.27,137.24,132.3142,3759000
2022,2,8,Tuesday,2022,39,137.23,137.52,135.78,137.02,132.1021,4181800
2022,2,9,Wednesday,2022,40,137.84,138.35,136.83,137.79,132.8445,5393500
2022,2,10,Thursday,2022,41,135.47,136.56,133.17,133.52,130.2783,5978600
2022,2,11,Friday,2022,42,133.9,134.71,132.38,132.69,129.4685,4176200
2022,2,14,Monday,2022,45,132.59,132.65,129.07,130.15,126.9901,5345300
2022,2,15,Tuesday,2022,46,130.64,131.68,129.61,129.94,126.7852,4394000
2022,2,16,Wednesday,2022,47,129.45,130.44,128.26,129.18,126.0437,4875600
2022,2,17,Thursday,2022,48,128.05,128.5,124.85,124.97,121.9359,6797000
2022,2,18,Friday,2022,49,124.94,125.44,123.61,124.35,121.331,4609200
2022,2,22,Tuesday,2022,53,124.2,125,122.68,123.92,120.9114,5349700
2022,2,23,Wednesday,2022,54,124.38,124.7,121.87,122.07,119.1063,4086400
2022,2,24,Thursday,2022,55,120,122.1,118.81,121.97,119.0087,6563200
2022,2,25,Friday,2022,56,122.05,124.26,121.45,124.18,121.1651,4460900
2022,2,28,Monday,2022,59,122.21,123.39,121.04,122.51,119.5356,6757300
2022,3,1,Tuesday,2022,60,122.67,123.39,120.7,121.35,118.4038,4873300
2022,3,2,Wednesday,2022,61,122.59,124.64,121.8,123.86,120.8529,4891400
2022,3,3,Thursday,2022,62,124.96,126.67,124.24,125.93,122.8726,5206600
2022,3,4,Friday,2022,63,124.4,127.35,124.21,126.62,123.5459,4402400
2022,3,7,Monday,2022,66,126.47,127.91,125.62,126.07,123.0092,5047400
2022,3,8,Tuesday,2022,67,126.62,128.35,124.82,125.68,122.6287,4887600
2022,3,9,Wednesday,2022,68,127.41,128.1,125.91,126.22,123.1556,4403500
2022,3,10,Thursday,2022,69,125.75,126.03,123.13,124.35,121.331,5326800
2022,3,11,Friday,2022,70,125,126.77,123.91,123.96,120.9504,4119600
2022,3,14,Monday,2022,73,124.45,125.16,122.69,123.94,120.9309,3289200
2022,3,15,Tuesday,2022,74,124,125.94,123.22,125.64,122.5896,4021200
2022,3,16,Wednesday,2022,75,126.5,127.28,124.71,127.04,123.9556,4292800
2022,3,17,Thursday,2022,76,127.1,128.29,126.53,127.96,124.8533,3671900
2022,3,18,Friday,2022,77,127.38,128.93,126.37,128.76,125.6339,7466000
2022,3,21,Monday,2022,80,129,129.74,127.4,128.1,124.9899,3384600
2022,3,22,Tuesday,2022,81,128.5,129.3,127.85,129.06,125.9266,2690200
2022,3,23,Wednesday,2022,82,129.08,129.32,128.25,128.3,125.1851,2924500
2022,3,24,Thursday,2022,83,128.33,129.37,127.8,129.25,126.112,2971100
2022,3,25,Friday,2022,84,129.5,131.4,129.31,131.35,128.161,3530200
2022,3,28,Monday,2022,87,130.82,131.5,129.6,131.47,128.2781,2483500
2022,3,29,Tuesday,2022,88,132.04,132.84,130.43,131.94,128.7367,5791000
2022,3,30,Wednesday,2022,89,132.01,133.08,131.39,132.13,128.9221,2622900
2022,3,31,Thursday,2022,90,130.72,131.88,130,130.02,126.8633,4274000
2022,4,1,Friday,2022,91,129.66,130.27,128.06,130.15,126.9901,4012400
2022,4,4,Monday,2022,94,130.26,130.45,128.93,130.27,127.1072,2809800
2022,4,5,Tuesday,2022,95,129.85,131.23,128.66,128.89,125.7607,3107200
2022,4,6,Wednesday,2022,96,127.78,129.51,127.25,129.39,126.2486,3958100
2022,4,7,Thursday,2022,97,128.87,129.25,126.73,128.55,125.429,3538300
2022,4,8,Friday,2022,98,128.01,128.78,127.27,127.73,124.6289,3143300
2022,4,11,Monday,2022,101,127.95,128.18,126.18,126.37,123.3019,3202500
2022,4,12,Tuesday,2022,102,126.42,127.34,125.58,125.98,122.9214,2691000
2022,4,13,Wednesday,2022,103,125.64,126.67,124.91,126.14,123.0775,3064900
2022,4,14,Thursday,2022,104,128.93,130.58,126.38,126.56,123.4873,6384200
2022,4,18,Monday,2022,108,126.6,127.39,125.53,126.17,123.1068,4884200
2022,4,19,Tuesday,2022,109,126.08,129.4,126,129.15,126.0144,7971400
2022,4,20,Wednesday,2022,110,135,139.56,133.38,138.32,134.9618,17859200
2022,4,21,Thursday,2022,111,138.23,141.88,137.35,139.85,136.4546,9922300
2022,4,22,Friday,2022,112,139.7,140.44,137.35,138.25,134.8935,6508600
2022,4,25,Monday,2022,115,137.59,139.65,135.19,139.1,135.7229,5748300
2022,4,26,Tuesday,2022,116,139,139.87,136.17,136.19,132.8835,4956200
2022,4,27,Wednesday,2022,117,135.78,137.12,134.63,135.06,131.7809,4369100
2022,4,28,Thursday,2022,118,136.85,136.99,134.81,135.74,132.4444,4474300
2022,4,29,Friday,2022,119,135.13,135.55,132,132.21,129.0001,5078700
2022,5,2,Monday,2022,122,133,133.77,130.89,133.04,129.81,4213500
2022,5,3,Tuesday,2022,123,133,133.6,131.99,132.52,129.3026,3688600
2022,5,4,Wednesday,2022,124,132.87,137.87,132.14,137.4,134.0641,5932600
2022,5,5,Thursday,2022,125,136.46,137.26,134.76,135.92,132.6201,5957400
2022,5,6,Friday,2022,126,135.47,137.99,135.47,137.67,134.3276,7306400
2022,5,9,Monday,2022,129,134.41,136.35,133.32,134.44,132.7672,7647900
2022,5,10,Tuesday,2022,130,135,135.41,128.43,129.13,127.5233,8642400
2022,5,11,Wednesday,2022,131,129.86,132.96,129.86,130.75,129.1231,5301100
2022,5,12,Thursday,2022,132,131.27,133.62,130.41,132.9,131.2464,5384800
2022,5,13,Friday,2022,133,133,133.8,131.05,133.6,131.9377,4195100
2022,5,16,Monday,2022,136,133.1,136.51,132.41,135.03,133.3499,4250400
2022,5,17,Tuesday,2022,137,137.19,138.37,135.64,138.37,136.6483,4372900
2022,5,18,Wednesday,2022,138,137.1,137.62,132.17,132.94,131.2859,6003000
2022,5,19,Thursday,2022,139,132,132.32,128.71,129.66,128.0467,5819700
2022,5,20,Friday,2022,140,130.18,130.37,125.8,128.48,126.8814,6914500
2022,5,23,Monday,2022,143,129.5,131.95,129.42,131.17,129.5379,3591500
2022,5,24,Tuesday,2022,144,130.57,134.37,130.42,133.8,132.1352,4189700
2022,5,25,Wednesday,2022,145,132.86,134.82,132.86,134.39,132.7178,3299300
2022,5,26,Thursday,2022,146,135,137.55,134.52,136.89,135.1867,3929300
2022,5,27,Friday,2022,147,137.39,139.74,137.24,139.27,137.5371,4608000
2022,5,31,Tuesday,2022,151,138.2,139.83,136.81,138.84,137.1125,7978100
2022,6,1,Wednesday,2022,152,139.67,140.47,138.52,139.43,137.6951,3796500
2022,6,2,Thursday,2022,153,139.45,140.29,136.85,140.15,138.4062,3734800
2022,6,3,Friday,2022,154,140.26,142.58,139.74,141.18,139.4234,4352200
2022,6,6,Monday,2022,157,142.98,144.73,142,142.88,141.1022,4766900
2022,6,7,Tuesday,2022,158,142.6,142.98,140.96,142.78,141.0034,2887100
2022,6,8,Wednesday,2022,159,142.07,142.8,140.15,140.83,139.0777,3005700
2022,6,9,Thursday,2022,160,140.15,141.04,137.93,137.96,136.2434,3591000
2022,6,10,Friday,2022,161,137.8,137.8,135.25,136.19,134.4955,4659500
2022,6,13,Monday,2022,164,133.97,137.57,133.76,135.11,133.4289,6486000
2022,6,14,Tuesday,2022,165,135,136.95,134.86,135.72,134.0313,4607800
2022,6,15,Wednesday,2022,166,136.01,138.45,135.58,137.06,135.3546,4606900
2022,6,16,Thursday,2022,167,135.3,136.24,134.39,135.67,133.9819,5386400
2022,6,17,Friday,2022,168,135.99,136.98,132.85,135.02,133.34,12968500
2022,6,21,Tuesday,2022,172,135.9,138.5,135.9,137.85,136.1348,4089300
2022,6,22,Wednesday,2022,173,136.1,138.18,136.03,137.08,135.3744,3791500
2022,6,23,Thursday,2022,174,137.14,138.62,136.5,138.44,136.7175,4547900
2022,6,24,Friday,2022,175,139.2,142.37,139.13,142.06,140.2924,11493000
2022,6,27,Monday,2022,178,142.26,143.83,141.95,142.8,141.0232,3936000
2022,6,28,Tuesday,2022,179,142.92,144.16,141.32,141.86,140.0949,4064800
2022,6,29,Wednesday,2022,180,142.74,143.52,139.5,140.71,138.9592,4161500
2022,6,30,Thursday,2022,181,139.58,142.46,139.28,141.19,139.4332,4878000
2022,7,1,Friday,2022,182,141,141.67,139.26,141.12,139.3641,4011900
2022,7,5,Tuesday,2022,186,139.97,139.97,135.27,137.62,135.9077,6273400
2022,7,6,Wednesday,2022,187,138,139.14,137.13,138.08,136.3619,3237000
2022,7,7,Thursday,2022,188,138.91,141.32,138.83,140.83,139.0777,3897100
2022,7,8,Friday,2022,189,140.76,141.32,139.82,140.47,138.7222,2820800
2022,7,11,Monday,2022,192,140.62,141.87,140.13,141,139.2456,3904700
2022,7,12,Tuesday,2022,193,140.84,141.55,138.57,139.18,137.4482,3235400
2022,7,13,Wednesday,2022,194,137.18,138.9,136.8,137.18,135.4731,4123200
2022,7,14,Thursday,2022,195,135.6,139.43,135.02,139.06,137.3297,5298400
2022,7,15,Friday,2022,196,140.68,140.68,138.61,139.92,138.179,4519300
2022,7,18,Monday,2022,199,140.15,140.31,137.78,138.13,136.4113,8231700
2022,7,19,Tuesday,2022,200,131.58,132.56,127.72,130.88,129.2515,29690500
2022,7,20,Wednesday,2022,201,130.7,130.72,128.06,129.18,127.5727,9882000
2022,7,21,Thursday,2022,202,128.75,128.81,125.13,127.15,125.5679,11975400
2022,7,22,Friday,2022,203,127.03,128.32,125.71,128.25,126.6542,6467200
2022,7,25,Monday,2022,206,128.44,129.13,127.9,128.54,126.9406,4702400
2022,7,26,Tuesday,2022,207,128.26,129.3,127.63,128.08,126.4864,3645300
2022,7,27,Wednesday,2022,208,127.97,129.43,127.58,129.12,127.5134,4175600
2022,7,28,Thursday,2022,209,128.75,129.81,128.61,129.22,127.6122,3913700
2022,7,29,Friday,2022,210,129.52,131,129.31,130.79,129.1626,5786800
2022,8,1,Monday,2022,213,130.75,132.7,130.7,132.04,130.3971,4142100
2022,8,2,Tuesday,2022,214,132.2,132.78,130.51,131.81,130.17,4403600
2022,8,3,Wednesday,2022,215,131.82,132.86,131.32,132.34,130.6934,3088500
2022,8,4,Thursday,2022,216,132.15,132.29,131.02,131.64,130.0021,3179800
2022,8,5,Friday,2022,217,131.25,132.67,131.07,132.48,130.8316,2586500
2022,8,8,Monday,2022,220,133.1,133.35,132.02,132.61,130.96,3821200
2022,8,9,Tuesday,2022,221,129.92,130.79,129.12,129.47,129.47,3496000
2022,8,10,Wednesday,2022,222,130.75,131.78,130.34,131.5,131.5,3664000
2022,8,11,Thursday,2022,223,132.36,133.23,132,132.54,132.54,3501900
2022,8,12,Friday,2022,224,132.62,134.09,131.98,134.01,134.01,2766900
2022,8,15,Monday,2022,227,132.96,135.19,132.24,134.93,134.93,2791200
2022,8,16,Tuesday,2022,228,134.6,137.37,134.45,136.56,136.56,4313600
2022,8,17,Wednesday,2022,229,136.46,138.42,136.3,137.79,137.79,3667600
2022,8,18,Thursday,2022,230,137.79,139.12,137.75,139.07,139.07,3177700
2022,8,19,Friday,2022,231,138.75,139.34,137.66,138.37,138.37,3155800
2022,8,22,Monday,2022,234,137.65,137.85,135.47,135.55,135.55,3093600
2022,8,23,Tuesday,2022,235,135.37,136.1,134.72,134.74,134.74,4141800
2022,8,24,Wednesday,2022,236,134.89,135.11,133.11,133.23,133.23,2855400
2022,8,25,Thursday,2022,237,133.65,134.43,133.07,133.98,133.98,2706000
2022,8,26,Friday,2022,238,134.1,134.18,130.34,130.38,130.38,4185300
2022,8,29,Monday,2022,241,129.99,131.42,129.57,130.31,130.31,2783000
2022,8,30,Tuesday,2022,242,130.56,130.77,129.29,129.58,129.58,2407900
2022,8,31,Wednesday,2022,243,129.92,130,128.4,128.45,128.45,3490400
2022,9,1,Thursday,2022,244,128.4,129.82,127.74,129.66,129.66,3396200
2022,9,2,Friday,2022,245,130.3,130.56,127.24,127.79,127.79,3040600
2022,9,6,Tuesday,2022,249,127.8,128.06,126.3,126.72,126.72,3347100
2022,9,7,Wednesday,2022,250,126.69,127.87,126.28,127.71,127.71,2401500
2022,9,8,Thursday,2022,251,127.2,128.54,126.59,128.47,128.47,2964600
2022,9,9,Friday,2022,252,128.9,129.49,128.06,129.19,129.19,3291900
2022,9,12,Monday,2022,255,130.33,130.99,129.89,130.66,130.66,3741100
2022,9,13,Tuesday,2022,256,129.14,129.91,126.77,127.25,127.25,4565600
2022,9,14,Wednesday,2022,257,127.5,129,126.85,127.69,127.69,3819100
2022,9,15,Thursday,2022,258,127.39,127.47,124.9,125.49,125.49,5141700
2022,9,16,Friday,2022,259,124.36,127.53,123.83,127.27,127.27,9838600
2022,9,19,Monday,2022,262,126.49,128.06,126.28,127.73,127.73,3981300
